Year,Make,Model,SKU
1956,Chevy,Bel Aire,1956-Chevy-Bel Aire
1957,Chevy,Bel Aire,1957-Chevy-Bel Aire
1958,Chevy,Bel Aire,1958-Chevy-Bel Aire
1959,Chevy,Bel Aire,1959-Chevy-Bel Aire
1960,Chevy,Bel Aire,1960-Chevy-Bel Aire
1961,Chevy,Bel Aire,1961-Chevy-Bel Aire
1962,Chevy,Bel Aire,1962-Chevy-Bel Aire
1963,Chevy,Bel Aire,1963-Chevy-Bel Aire
1964,Chevy,Bel Aire,1964-Chevy-Bel Aire
1965,Chevy,Bel Aire,1965-Chevy-Bel Aire
1966,Chevy,Bel Aire,1966-Chevy-Bel Aire
1967,Chevy,Bel Aire,1967-Chevy-Bel Aire
1968,Chevy,Bel Aire,1968-Chevy-Bel Aire
1969,Chevy,Bel Aire,1969-Chevy-Bel Aire
1970,Chevy,Bel Aire,1970-Chevy-Bel Aire
1971,Chevy,Bel Aire,1971-Chevy-Bel Aire
1972,Chevy,Bel Aire,1972-Chevy-Bel Aire
1973,Chevy,Bel Aire,1973-Chevy-Bel Aire
1974,Chevy,Bel Aire,1974-Chevy-Bel Aire
1975,Chevy,Bel Aire,1975-Chevy-Bel Aire
1976,Chevy,Bel Aire,1976-Chevy-Bel Aire
1977,Chevy,Bel Aire,1977-Chevy-Bel Aire
1978,Chevy,Bel Aire,1978-Chevy-Bel Aire
1979,Chevy,Bel Aire,1979-Chevy-Bel Aire
1980,Chevy,Bel Aire,1980-Chevy-Bel Aire
1981,Chevy,Bel Aire,1981-Chevy-Bel Aire
1982,Chevy,Bel Aire,1982-Chevy-Bel Aire
1983,Chevy,Bel Aire,1983-Chevy-Bel Aire
1984,Chevy,Bel Aire,1984-Chevy-Bel Aire
1985,Chevy,Bel Aire,1985-Chevy-Bel Aire
1986,Chevy,Bel Aire,1986-Chevy-Bel Aire
1987,Chevy,Bel Aire,1987-Chevy-Bel Aire
1988,Chevy,Bel Aire,1988-Chevy-Bel Aire
1989,Chevy,Bel Aire,1989-Chevy-Bel Aire
1990,Chevy,Bel Aire,1990-Chevy-Bel Aire
1991,Chevy,Bel Aire,1991-Chevy-Bel Aire
1992,Chevy,Bel Aire,1992-Chevy-Bel Aire
1993,Chevy,Bel Aire,1993-Chevy-Bel Aire
1994,Chevy,Bel Aire,1994-Chevy-Bel Aire
1995,Chevy,Bel Aire,1995-Chevy-Bel Aire
1996,Chevy,Bel Aire,1996-Chevy-Bel Aire
1997,Chevy,Bel Aire,1997-Chevy-Bel Aire
1998,Chevy,Bel Aire,1998-Chevy-Bel Aire
1999,Chevy,Bel Aire,1999-Chevy-Bel Aire
2000,Chevy,Bel Aire,2000-Chevy-Bel Aire
2001,Chevy,Bel Aire,2001-Chevy-Bel Aire
2002,Chevy,Bel Aire,2002-Chevy-Bel Aire
2003,Chevy,Bel Aire,2003-Chevy-Bel Aire
2004,Chevy,Bel Aire,2004-Chevy-Bel Aire
2005,Chevy,Bel Aire,2005-Chevy-Bel Aire
2006,Chevy,Bel Aire,2006-Chevy-Bel Aire
2007,Chevy,Bel Aire,2007-Chevy-Bel Aire
2008,Chevy,Bel Aire,2008-Chevy-Bel Aire
2009,Chevy,Bel Aire,2009-Chevy-Bel Aire
2010,Chevy,Bel Aire,2010-Chevy-Bel Aire
2011,Chevy,Bel Aire,2011-Chevy-Bel Aire
2012,Chevy,Bel Aire,2012-Chevy-Bel Aire
2013,Chevy,Bel Aire,2013-Chevy-Bel Aire
2014,Chevy,Bel Aire,2014-Chevy-Bel Aire
2015,Chevy,Bel Aire,2015-Chevy-Bel Aire
2016,Chevy,Bel Aire,2016-Chevy-Bel Aire
2017,Chevy,Bel Aire,2017-Chevy-Bel Aire
1956,Ford,Fairlane,1956-Ford-Fairlane
1957,Ford,Fairlane,1957-Ford-Fairlane
1958,Ford,Fairlane,1958-Ford-Fairlane
1959,Ford,Fairlane,1959-Ford-Fairlane
1960,Ford,Fairlane,1960-Ford-Fairlane
1961,Ford,Fairlane,1961-Ford-Fairlane
1962,Ford,Fairlane,1962-Ford-Fairlane
1963,Ford,Fairlane,1963-Ford-Fairlane
1964,Ford,Fairlane,1964-Ford-Fairlane
1965,Ford,Fairlane,1965-Ford-Fairlane
1966,Ford,Fairlane,1966-Ford-Fairlane
1967,Ford,Fairlane,1967-Ford-Fairlane
1968,Ford,Fairlane,1968-Ford-Fairlane
1969,Ford,Fairlane,1969-Ford-Fairlane
1970,Ford,Fairlane,1970-Ford-Fairlane
1971,Ford,Fairlane,1971-Ford-Fairlane
1972,Ford,Fairlane,1972-Ford-Fairlane
1973,Ford,Fairlane,1973-Ford-Fairlane
1974,Ford,Fairlane,1974-Ford-Fairlane
1975,Ford,Fairlane,1975-Ford-Fairlane
1976,Ford,Fairlane,1976-Ford-Fairlane
1977,Ford,Fairlane,1977-Ford-Fairlane
1978,Ford,Fairlane,1978-Ford-Fairlane
1979,Ford,Fairlane,1979-Ford-Fairlane
1980,Ford,Fairlane,1980-Ford-Fairlane
1981,Ford,Fairlane,1981-Ford-Fairlane
1982,Ford,Fairlane,1982-Ford-Fairlane
1983,Ford,Fairlane,1983-Ford-Fairlane
1984,Ford,Fairlane,1984-Ford-Fairlane
1985,Ford,Fairlane,1985-Ford-Fairlane
1986,Ford,Fairlane,1986-Ford-Fairlane
1987,Ford,Fairlane,1987-Ford-Fairlane
1988,Ford,Fairlane,1988-Ford-Fairlane
1989,Ford,Fairlane,1989-Ford-Fairlane
1990,Ford,Fairlane,1990-Ford-Fairlane
1991,Ford,Fairlane,1991-Ford-Fairlane
1992,Ford,Fairlane,1992-Ford-Fairlane
1993,Ford,Fairlane,1993-Ford-Fairlane
1994,Ford,Fairlane,1994-Ford-Fairlane
1995,Ford,Fairlane,1995-Ford-Fairlane
1996,Ford,Fairlane,1996-Ford-Fairlane
1997,Ford,Fairlane,1997-Ford-Fairlane
1998,Ford,Fairlane,1998-Ford-Fairlane
1999,Ford,Fairlane,1999-Ford-Fairlane
2000,Ford,Fairlane,2000-Ford-Fairlane
2001,Ford,Fairlane,2001-Ford-Fairlane
2002,Ford,Fairlane,2002-Ford-Fairlane
2003,Ford,Fairlane,2003-Ford-Fairlane
2004,Ford,Fairlane,2004-Ford-Fairlane
2005,Ford,Fairlane,2005-Ford-Fairlane
2006,Ford,Fairlane,2006-Ford-Fairlane
2007,Ford,Fairlane,2007-Ford-Fairlane
2008,Ford,Fairlane,2008-Ford-Fairlane
2009,Ford,Fairlane,2009-Ford-Fairlane
2010,Ford,Fairlane,2010-Ford-Fairlane
2011,Ford,Fairlane,2011-Ford-Fairlane
2012,Ford,Fairlane,2012-Ford-Fairlane
2013,Ford,Fairlane,2013-Ford-Fairlane
2014,Ford,Fairlane,2014-Ford-Fairlane
2015,Ford,Fairlane,2015-Ford-Fairlane
2016,Ford,Fairlane,2016-Ford-Fairlane
2017,Ford,Fairlane,2017-Ford-Fairlane
